\U0001f600,にこやかな笑顔
\U0001f603,大きい目の笑顔
\U0001f604,目もにこやかな笑顔
\U0001f601,輝く笑顔
\U0001f606,大笑いの顔
\U0001f605,汗をかいた笑顔
\U0001f923,笑い転げる顔
\U0001f602,嬉し泣きの顔
\U0001f642,控え目な笑顔
\U0001f643,さかさまの顔
\U0001f609,ウィンクの顔
\U0001f60a,微笑む目の笑顔
\U0001f607,天使の輪がついた笑顔
\U0001f970,ハートの笑顔
\U0001f60d,目がハートの笑顔
\U0001f929,目が星の顔
\U0001f618,投げキスの顔
\U0001f617,キスの顔
\u263a,笑顔
\U0001f61a,目を閉じたキスの顔
\U0001f619,にこやかな目のキスの顔
\U0001f972,涙の笑顔なし
\U0001f60b,美味しい顔
\U0001f61b,舌を出した顔
\U0001f61c,舌を出したウィンク顔
\U0001f92a,おどけた顔
\U0001f61d,目を細めて舌を出した顔
\U0001f911,お金の口の顔
\U0001f917,ハグの顔
\U0001f92d,手を口に添えた顔
\U0001f92b,静かにの顔
\U0001f914,思考中の顔
\U0001f910,口チャックの顔
\U0001f928,眉があがった顔
\U0001f610,普通の表情の顔
\U0001f611,無表情の顔
\U0001f636,口のない顔
\U0001f60f,薄笑いの顔
\U0001f612,面白くない顔
\U0001f644,目をぎょろつかせた顔
\U0001f62c,しかめっ面の顔
\U0001f925,嘘つきの顔
\U0001f60c,ほっとした顔
\U0001f614,物思いの顔
\U0001f62a,眠い顔
\U0001f924,よだれ顔
\U0001f634,寝てる顔
\U0001f637,マスク顔
\U0001f912,体温計をくわえた顔
\U0001f915,頭に包帯を巻いた顔
\U0001f922,吐き気の顔
\U0001f92e,嘔吐の顔
\U0001f927,くしゃみ顔
\U0001f975,暑い顔
\U0001f976,寒い顔
\U0001f974,ぼんやりした顔
\U0001f635,めまい顔
\U0001f92f,頭が爆発した顔
\U0001f920,カウボーイハットの顔
\U0001f973,パーティの顔
\U0001f978,変装した顔なし
\U0001f60e,サングラスの笑顔
\U0001f913,オタク顔
\U0001f9d0,片眼鏡の顔
\U0001f615,混乱した顔
\U0001f61f,心配そうな顔
\U0001f641,少し不機嫌な顔
\u2639,不機嫌な顔
\U0001f62e,口が開いた顔
\U0001f62f,驚いた顔
\U0001f632,びっくりした顔
\U0001f633,紅潮した顔
\U0001f97a,訴えかける顔
\U0001f626,難色を示す顔
\U0001f627,苦悩の顔
\U0001f628,怯える顔
\U0001f630,不安で冷や汗の顔
\U0001f625,悲しいけど安心した顔
\U0001f622,泣き顔
\U0001f62d,大声で泣いている顔
\U0001f631,恐怖で叫ぶ顔
\U0001f616,困惑した顔
\U0001f623,我慢する顔
\U0001f61e,失望した顔
\U0001f613,汗がしたたる意気消沈した顔
\U0001f629,うんざりした顔
\U0001f62b,疲れた顔
\U0001f971,あくびの顔
\U0001f624,鼻息の荒い顔
\U0001f621,ふくれっ面
\U0001f620,怒った顔
\U0001f92c,シンボルが口にある顔
\U0001f608,笑顔の悪魔の顔
\U0001f47f,怒った悪魔の顔
\U0001f480,ドクロ
\u2620,ドクロと骨
\U0001f4a9,うんち
\U0001f921,ピエロの顔
\U0001f479,鬼
\U0001f47a,天狗
\U0001f47b,おばけ
\U0001f47d,エイリアン
\U0001f47e,インベーダー
\U0001f916,ロボット
\U0001f63a,笑顔の猫
\U0001f638,目もにこやかな笑顔の猫
\U0001f639,嬉し泣きの猫
\U0001f63b,目がハートの猫
\U0001f63c,苦笑いの猫
\U0001f63d,キスの顔の猫
\U0001f640,疲れた猫
\U0001f63f,泣き顔の猫
\U0001f63e,ふくれっ面の猫
\U0001f648,見ざる
\U0001f649,聞かざる
\U0001f64a,言わざる
\U0001f48b,キスマーク
\U0001f48c,ラブレター
\U0001f498,ハートに矢
\U0001f49d,ハートにリボン
\U0001f496,輝くハート
\U0001f497,成長するハート
\U0001f493,ふるえるハート
\U0001f49e,回転するハート
\U0001f495,ふたつのハート
\U0001f49f,ハートのデコレーション
\u2763,ハートのビックリマーク
\U0001f494,失恋
\u2764,赤色のハート
\U0001f9e1,オレンジ色のハート
\U0001f49b,黄色のハート
\U0001f49a,緑色のハート
\U0001f499,青色のハート
\U0001f49c,紫色のハート
\U0001f90e,茶色のハート
\U0001f5a4,黒色のハート
\U0001f90d,白色のハート
\U0001f4af100,点
\U0001f4a2,怒り
\U0001f4a5,衝突
\U0001f4ab,目が回る
\U0001f4a6,汗
\U0001f4a8,ダッシュ
\U0001f573,穴
\U0001f4a3,爆弾
\U0001f4ac,吹き出し
\U0001f441\u200d\U0001f5e8,目の吹き出しなし
\U0001f441\ufe0f\u200d\U0001f5e8\ufe0f,目の吹き出しなし
\U0001f5e8,左向きの吹き出し
\U0001f5ef,怒りの吹き出し
\U0001f4ad,思考中の吹き出し
\U0001f4a4,睡眠マーク
\U0001f44b,手を振る
\U0001f91a,手の甲の挙手
\U0001f590,開いた手
\u270b,挙手
\U0001f596,バルカンの挨拶の手
\U0001f44cok,の手
\U0001f90c,つまむ指なし
\U0001f90f,つまむ手
\u270c,Ｖサインの手
\U0001f91e,人差し指と中指を交差させた手
\U0001f91f,ラブユーの手
\U0001f918,人差し指と小指を立てた手
\U0001f919,親指と小指を立てた手
\U0001f448,左を指差す手の甲
\U0001f449,右を指差す手の甲
\U0001f446,上を指差す手の甲
\U0001f595,中指を立てた手
\U0001f447,下を指す手の甲
\u261d,上を指差す手
\U0001f44d,親指を上げた手
\U0001f44e,親指を下げた手
\u270a,上げた拳
\U0001f44a,近づく拳
\U0001f91b,左向きの拳
\U0001f91c,右向きの拳
\U0001f44f,拍手
\U0001f64c,万歳
\U0001f450,開いた両手
\U0001f932,あわせた手のひら
\U0001f91d,握手
\U0001f64f,あわせた手
\u270d,書いている手
\U0001f485,マニキュア
\U0001f933,自撮り
\U0001f4aa,腕の筋肉
\U0001f9be,機械の腕
\U0001f9bf,機械の脚
\U0001f9b5,脚
\U0001f9b6,足
\U0001f442,耳
\U0001f9bb,補聴器付きの耳
\U0001f443,鼻
\U0001f9e0,脳
\U0001fac0,心臓なし
\U0001fac1,肺なし
\U0001f9b7,歯
\U0001f9b4,骨
\U0001f440,両目
\U0001f441,目
\U0001f445,舌
\U0001f444,口
\U0001f435,猿の顔
\U0001f412,猿
\U0001f98d,ゴリラ
\U0001f9a7,オラウータン
\U0001f436,犬の顔
\U0001f415,犬
\U0001f9ae,盲導犬
\U0001f415\u200d\U0001f9ba,介助犬
\U0001f429,プードル
\U0001f43a,狼の顔
\U0001f98a,狐の顔
\U0001f99d,アライグマ
\U0001f431,猫の顔
\U0001f408,猫
\U0001f408\u200d\u2b1b,黒猫なし
\U0001f981,ライオンの顔
\U0001f42f,虎の顔
\U0001f405,虎
\U0001f406,ヒョウ
\U0001f434,馬の顔
\U0001f40e,馬
\U0001f984,ユニコーンの顔
\U0001f993,シマウマ
\U0001f98c,鹿
\U0001f9ac,バイソンなし
\U0001f42e,牛の顔
\U0001f402,雄牛
\U0001f403,水牛
\U0001f404,牝牛
\U0001f437,豚の顔
\U0001f416,豚
\U0001f417,猪
\U0001f43d,豚の鼻
\U0001f40f,子羊
\U0001f411,羊
\U0001f410,ヤギ
\U0001f42a,ひとこぶラクダ
\U0001f42b,ふたこぶラクダ
\U0001f999,ラマ
\U0001f992,キリン
\U0001f418,象
\U0001f9a3,マンモスなし
\U0001f98f,サイ
\U0001f99b,カバ
\U0001f42d,ねずみの顔
\U0001f401,ねずみ
\U0001f400,ラット
\U0001f439,ハムスターの顔
\U0001f430,うさぎの顔
\U0001f407,うさぎ
\U0001f43f,リス
\U0001f9ab,ビーバーなし
\U0001f994,ハリネズミ
\U0001f987,こうもり
\U0001f43b,熊の顔
\U0001f43b\u200d\u2744\ufe0f,シロクマなし
\U0001f428,コアラ
\U0001f43c,パンダの顔
\U0001f9a5,ナマケモノ
\U0001f9a6,カワウソ
\U0001f9a8,スカンク
\U0001f998,カンガルー
\U0001f9a1,アナグマ
\U0001f43e,動物の足跡
\U0001f983,七面鳥
\U0001f414,にわとり
\U0001f413,おんどり
\U0001f423,産まれたばかりのひよこ
\U0001f424,ひよこ
\U0001f425,正面を向いたひよこ
\U0001f426,鳥
\U0001f427,ペンギン
\U0001f54a,鳩
\U0001f985,ワシ
\U0001f986,カモ
\U0001f9a2,白鳥
\U0001f989,フクロウ
\U0001f9a4,ドードーなし
\U0001fab6,羽なし
\U0001f9a9,フラミンゴ
\U0001f99a,クジャク
\U0001f99c,オウム
\U0001f438,カエルの顔
\U0001f40a,ワニ
\U0001f422,亀
\U0001f98e,トカゲ
\U0001f40d,ヘビ
\U0001f432,龍の顔
\U0001f409,龍
\U0001f995,草食恐竜
\U0001f996,肉食恐竜
\U0001f433,潮吹きクジラ
\U0001f40b,クジラ
\U0001f42c,イルカ
\U0001f9ad,アザラシなし
\U0001f41f,魚
\U0001f420,熱帯魚
\U0001f421,フグ
\U0001f988,サメ
\U0001f419,タコ
\U0001f41a,巻貝
\U0001f40c,カタツムリ
\U0001f98b,チョウ
\U0001f41b,虫
\U0001f41c,アリ
\U0001f41d,ミツバチ
\U0001fab2,甲虫なし
\U0001f41e,てんとう虫
\U0001f997,コオロギ
\U0001fab3,ゴキブリなし
\U0001f577,クモ
\U0001f578,クモの巣
\U0001f982,サソリ
\U0001f99f,蚊
\U0001fab0,ハエなし
\U0001fab1,ミミズなし
\U0001f9a0,微生物
\U0001f490,花束
\U0001f338,桜
\U0001f4ae,桜の模様
\U0001f3f5,花飾り
\U0001f339,バラ
\U0001f940,しおれた花
\U0001f33a,ハイビスカス
\U0001f33b,ひまわり
\U0001f33c,開花
\U0001f337,チューリップ
\U0001f331,ふたば
\U0001fab4,鉢植えなし
\U0001f332,常緑樹
\U0001f333,落葉樹
\U0001f334,やしの木
\U0001f335,サボテン
\U0001f33e,稲穂
\U0001f33f,ハーブ
\u2618,クローバー
\U0001f340,四つ葉のクローバー
\U0001f341,カエデの葉
\U0001f342,落ち葉
\U0001f343,風に揺れる葉
\U0001f347,ぶどう
\U0001f348,メロン
\U0001f349,スイカ
\U0001f34a,みかん
\U0001f34b,レモン
\U0001f34c,バナナ
\U0001f34d,パイナップル
\U0001f96d,マンゴー
\U0001f34e,赤いりんご
\U0001f34f,青りんご
\U0001f350,洋ナシ
\U0001f351,桃
\U0001f352,さくらんぼ
\U0001f353,いちご
\U0001fad0,ブルーベリーなし
\U0001fad1,ピーマンなし
\U0001f95d,キウイフルーツ
\U0001f345,トマト
\U0001fad2,オリーブなし
\U0001f965,ココナッツ
\U0001f951,アボカド
\U0001f346,なす
\U0001f954,じゃがいも
\U0001f955,にんじん
\U0001f33d,トウモロコシ
\U0001f336,とうがらし
\U0001f952,キュウリ
\U0001f966,ブロッコリ
\U0001f9c4,ニンニク
\U0001f9c5,たまねぎ
\U0001f96c,葉物野菜
\U0001f344,きのこ
\U0001f95c,ピーナッツ
\U0001f330,栗
\U0001f35e,食パン
\U0001f950,クロワッサン
\U0001f956,フランスパン
\U0001fad3,フラットブレッドなし
\U0001f968,プレッツェル
\U0001f96f,ベーグル
\U0001f95e,パンケーキ
\U0001f9c7,ワッフル
\U0001f9c0,チーズ
\U0001f356,骨付き肉
\U0001f357,骨付きチキン
\U0001f969,肉の切り身
\U0001f953,ベーコン
\U0001f354,ハンバーガー
\U0001f35f,フライドポテト
\U0001f355,ピザ
\U0001f32d,ホットドッグ
\U0001f96a,サンドイッチ
\U0001f32e,タコス
\U0001f32f,ブリトー
\U0001fad4,タマルなし
\U0001f959,ギロピタ
\U0001f9c6,ファラフェル
\U0001f95a,たまご
\U0001f373,料理
\U0001f958,料理の入った浅鍋
\U0001f372,料理の入った鍋
\U0001fad5,フォンデュなし
\U0001f963,ボールとスプーン
\U0001f957,グリーンサラダ
\U0001f37f,ポップコーン
\U0001f9c8,バター
\U0001f9c2,塩
\U0001f96b,缶詰
\U0001f371,弁当箱
\U0001f358,せんべい
\U0001f359,おにぎり
\U0001f35a,ごはん
\U0001f35b,カレーライス
\U0001f35c,どんぶり
\U0001f35d,スパゲッティ
\U0001f360,焼き芋
\U0001f362,おでん
\U0001f363,寿司
\U0001f364,海老の天ぷら
\U0001f365,なると
\U0001f96e,月餅
\U0001f361,だんご
\U0001f95f,小籠包
\U0001f960,フォーチュンクッキー
\U0001f961,テイクアウトボックス
\U0001f980,カニ
\U0001f99e,ロブスター
\U0001f990,エビ
\U0001f991,イカ
\U0001f9aa,カキ
\U0001f366,ソフトクリーム
\U0001f367,かき氷
\U0001f368,アイスクリーム
\U0001f369,ドーナツ
\U0001f36a,クッキー
\U0001f382,バースデーケーキ
\U0001f370,ショートケーキ
\U0001f9c1,カップケーキ
\U0001f967,パイ
\U0001f36b,チョコレート
\U0001f36c,キャンディ
\U0001f36d,ペロペロキャンディー
\U0001f36e,カスタード
\U0001f36f,蜜つぼ
\U0001f37c,哺乳瓶
\U0001f95b,コップに入った牛乳
\u2615,温かい飲み物
\U0001fad6,ティーポットなし
\U0001f375,湯呑み
\U0001f376,日本酒
\U0001f37e,ボトルと飛び出す栓
\U0001f377,ワイングラス
\U0001f378,カクテルグラス
\U0001f379,トロピカルドリンク
\U0001f37a,ビール
\U0001f37b,ビールで乾杯
\U0001f942,グラスで乾杯
\U0001f943,タンブラー
\U0001f964,カップとストロー
\U0001f9cb,タピオカティーなし
\U0001f9c3,パックの飲み物
\U0001f9c9,マテ茶
\U0001f9ca,氷
\U0001f962,箸
\U0001f37d,フォークとナイフと皿
\U0001f374,フォークとナイフ
\U0001f944,スプーン
\U0001f52a,包丁
\U0001f3fa,アンフォラ
\U0001f30d,地球 ヨーロッパとアフリカ
\U0001f30e,地球 アメリカ
\U0001f30f,地球 アジアとオーストラリア
\U0001f310,地球 子午線・経線
\U0001f5fa,世界地図
\U0001f5fe,日本地図
\U0001f9ed,コンパス
\U0001f3d4,雪山
\u26f0,山
\U0001f30b,火山
\U0001f5fb,富士山
\U0001f3d5,キャンプ
\U0001f3d6,海とパラソル
\U0001f3dc,砂漠
\U0001f3dd,無人島
\U0001f3de,国立公園
\U0001f3df,スタジアム
\U0001f3db,歴史的な建物
\U0001f3d7,建築中
\U0001f9f1,レンガ
\U0001faa8,岩なし
\U0001fab5,木なし
\U0001f6d6,小屋なし
\U0001f3d8,住宅街
\U0001f3da,廃墟
\U0001f3e0,家
\U0001f3e1,庭付きの家
\U0001f3e2,オフィスビル
\U0001f3e3,日本の郵便局
\U0001f3e4,郵便局
\U0001f3e5,病院
\U0001f3e6,銀行
\U0001f3e8,ホテル
\U0001f3e9,ラブホテル
\U0001f3ea,コンビニエンスストア
\U0001f3eb,学校
\U0001f3ec,デパート
\ue50ashibuya109,なし
\U0001f3ed,工場
\U0001f3ef,日本の城
\U0001f3f0,西洋の城
\U0001f492,結婚式
\U0001f5fc,東京タワー
\U0001f5fd,自由の女神
\u26ea,教会
\U0001f54c,モスク
\U0001f6d5,ヒンドゥー教寺院
\U0001f54d,シナゴーグ
\u26e9,神社
\U0001f54b,カアバ
\u26f2,噴水
\u26fa,テント
\U0001f301,霧
\U0001f303,星空
\U0001f3d9,都市の景観
\U0001f304,山からの日の出
\U0001f305,日の出
\U0001f306,夕暮れの街並み
\U0001f307,夕焼け
\U0001f309,夜の橋
\u2668,温泉
\U0001f3a0,メリーゴーランド
\U0001f3a1,観覧車
\U0001f3a2,ジェットコースター
\U0001f488,理髪店の看板
\U0001f3aa,サーカス小屋
\U0001f682,蒸気機関車
\U0001f683,鉄道車両
\U0001f684,高速鉄道
\U0001f685,新幹線
\U0001f686,列車
\U0001f687,地下鉄
\U0001f688,ライトレール
\U0001f689,駅
\U0001f68a,路面電車
\U0001f69d,モノレール
\U0001f69e,山岳鉄道
\U0001f68b,路面電車
\U0001f68c,バス
\U0001f68d,近づいてくるバス
\U0001f68e,トロリーバス
\U0001f690,マイクロバス
\U0001f691,救急車
\U0001f692,消防車
\U0001f693,パトカー
\U0001f694,近づいてくるパトカー
\U0001f695,タクシー
\U0001f696,近づいてくるタクシー
\U0001f697,自動車
\U0001f698,近づいてくる自動車
\U0001f699suv,
\U0001f6fb,ピックアップトラックなし
\U0001f69a,配達用トラック
\U0001f69b,トレーラー
\U0001f69c,トラクター
\U0001f3ce,レーシングカー
\U0001f3cd,オートバイ
\U0001f6f5,スクーター
\U0001f9bd,車椅子
\U0001f9bc,電動車椅子
\U0001f6fa,三輪タクシー
\U0001f6b2,自転車
\U0001f6f4,キックスクーター
\U0001f6f9,スケートボード
\U0001f6fc,ローラースケートなし
\U0001f68f,バス停
\U0001f6e3,高速道路
\U0001f6e4,線路
\U0001f6e2,ドラム缶
\u26fd,ガソリンスタンド
\U0001f6a8,パトランプ
\U0001f6a5,横向きの信号機
\U0001f6a6,縦向きの信号機
\U0001f6a7,工事
\U0001f6d1,停止の標識
\u2693,いかり
\u26f5,ヨット
\U0001f6f6,カヌー
\U0001f6a4,スピードボート
\U0001f6f3,旅客船
\u26f4,フェリー
\U0001f6e5,モーターボート
\U0001f6a2,船
\u2708,飛行機
\U0001f6e9,小型航空機
\U0001f6eb,飛行機の離陸
\U0001f6ec,飛行機の着陸
\U0001fa82,パラシュート
\U0001f4ba,座席
\U0001f681,ヘリコプター
\U0001f69f,懸垂式モノレール
\U0001f6a0,山岳ロープウェイ
\U0001f6a1,ロープウェイ
\U0001f6f0,人工衛星
\U0001f680,ロケット
\U0001f6f8,空飛ぶ円盤
\U0001f6ce,卓上ベル
\U0001f9f3,旅行かばん
\u231b,砂時計
\u23f3,砂が落ちている砂時計
\u231a,腕時計
\u23f0,目覚まし時計
\u23f1,ストップウォッチ
\u23f2,タイマー時計
\U0001f570,置時計
\U0001f55b12,時
\U0001f56712,時半
\U0001f5501,時
\U0001f55c1,時半
\U0001f5512,時
\U0001f55d2,時半
\U0001f5523,時
\U0001f55e3,時半
\U0001f5534,時
\U0001f55f4,時半
\U0001f5545,時
\U0001f5605,時半
\U0001f5556,時
\U0001f5616,時半
\U0001f5567,時
\U0001f5627,時半
\U0001f5578,時
\U0001f5638,時半
\U0001f5589,時
\U0001f5649,時半
\U0001f55910,時
\U0001f56510,時半
\U0001f55a11,時
\U0001f56611,時半
\U0001f311,新月
\U0001f312,満ちていく三日月
\U0001f313,上弦の月
\U0001f314,十三夜月
\U0001f315,満月
\U0001f316,寝待月
\U0001f317,下弦の月
\U0001f318,欠けていく三日月
\U0001f319,三日月
\U0001f31a,顔つき新月
\U0001f31b,顔つき上弦の月
\U0001f31c,顔がある下弦の月
\U0001f321,温度計
\u2600,太陽
\U0001f31d,顔つき満月
\U0001f31e,顔つき太陽
\U0001fa90,環状惑星
\u2b50,星
\U0001f31f,輝く星
\U0001f320,流れ星
\U0001f30c,天の川
\u2601,雲
\u26c5,雲の後ろの太陽
\u26c8,雷雨
\U0001f324,小さな雲の後ろの太陽
\U0001f325,大きな雲の後ろの太陽
\U0001f326,雨雲の後ろの太陽
\U0001f327,雨雲
\U0001f328,雪雲
\U0001f329,雷雲
\U0001f32a,竜巻
\U0001f32b,霧
\U0001f32c,風の顔
\U0001f300,サイクロン
\U0001f308,虹
\U0001f302,閉じた傘
\u2602,傘
\u2614,傘と雨
\u26f1,立てたパラソル
\u26a1,高電圧
\u2744,雪の結晶
\u2603,雪だるまと雪
\u26c4,雪だるま
\u2604,彗星
\U0001f525,炎
\U0001f4a7,しずく
\U0001f30a,波
\U0001f383,ジャック・オ・ランタン
\U0001f384,クリスマスツリー
\U0001f386,花火
\U0001f387,線香花火
\U0001f9e8,爆竹
\u2728,キラキラ
\U0001f388,風船
\U0001f389,クラッカー
\U0001f38a,くす玉
\U0001f38b,七夕 笹飾り
\U0001f38d,門松
\U0001f38e,ひな祭り
\U0001f38f,こいのぼり
\U0001f390,風鈴
\U0001f391,お月見
\U0001f9e7,紅包
\U0001f380,リボン
\U0001f381,プレゼント
\U0001f397,リマインダーリボン
\U0001f39f,入場券
\U0001f3ab,チケット
\U0001f396,勲章
\U0001f3c6,トロフィー
\U0001f3c5,メダル
\U0001f947,金メダル
\U0001f948,銀メダル
\U0001f949,銅メダル
\u26bd,サッカーボール
\u26be,野球
\U0001f94e,ソフトボール
\U0001f3c0,バスケットボール
\U0001f3d0,バレーボール
\U0001f3c8,アメリカンフットボール
\U0001f3c9,ラグビー
\U0001f3be,テニス
\U0001f94f,フライングディスク
\U0001f3b3,ボウリング
\U0001f3cf,クリケット
\U0001f3d1,フィールドホッケー
\U0001f3d2,アイスホッケー
\U0001f94d,ラクロス
\U0001f3d3,卓球
\U0001f3f8,バドミントン
\U0001f94a,ボクシンググローブ
\U0001f94b,道着
\U0001f945,ゴールネット
\u26f3,ゴルフの旗
\u26f8,アイススケート
\U0001f3a3,つり
\U0001f93f,ダイビングマスク
\U0001f3bd,ランニングシャツ
\U0001f3bf,スキー
\U0001f6f7,そり
\U0001f94c,カーリング ストーン
\U0001f3af,大当たり
\U0001fa80,ヨーヨー
\U0001fa81,凧
\U0001f3b1,ビリヤード
\U0001f52e,水晶玉
\U0001fa84,魔法の杖なし
\U0001f9ff,ナザール・ボンジュウ
\U0001f3ae,テレビゲーム
\U0001f579,ジョイスティック
\U0001f3b0,スロットマシン
\U0001f3b2,サイコロ
\U0001f9e9,パズルピース
\U0001f9f8,テディベア
\U0001fa85,ピニャータなし
\U0001fa86,入れ子人形なし
\u2660,トランプのスペード
\u2665,トランプのハート
\u2666,トランプのダイヤ
\u2663,トランプのクラブ
\u265f,チェスのポーン
\U0001f0cf,トランプのジョーカー
\U0001f004,麻雀牌
\U0001f3b4,花札
\U0001f3ad,舞台芸術
\U0001f5bc,額に入った絵画
\U0001f3a8,絵の具パレット
\U0001f9f5,糸
\U0001faa1,縫針なし
\U0001f9f6,毛糸
\U0001faa2,結び目なし
\U0001f453,めがね
\U0001f576,サングラス
\U0001f97d,ゴーグル
\U0001f97c,白衣
\U0001f9ba,安全ベスト
\U0001f454,ネクタイ
\U0001f455,Ｔシャツ
\U0001f456,ジーンズ
\U0001f9e3,スカーフ
\U0001f9e4,手ぶくろ
\U0001f9e5,コート
\U0001f9e6,ソックス
\U0001f457,ドレス
\U0001f458,着物
\U0001f97b,サリー
\U0001fa71,ワンピース水着
\U0001fa72,ブリーフ
\U0001fa73,ショートパンツ
\U0001f459,ビキニ
\U0001f45a,女性用の服
\U0001f45b,財布
\U0001f45c,ハンドバッグ
\U0001f45d,ポーチ
\U0001f6cd,ショッピングバッグ
\U0001f392,ランドセル
\U0001fa74,ビーチサンダルなし
\U0001f45e,男性用の靴
\U0001f45f,ランニングシューズ
\U0001f97e,ハイキングブーツ
\U0001f97f,フラットシューズ
\U0001f460,ハイヒール
\U0001f461,女性用のサンダル
\U0001fa70,バレエシューズ
\U0001f462,女性用のブーツ
\U0001f451,王冠
\U0001f452,女性用の帽子
\U0001f3a9,シルクハット
\U0001f393,卒業帽
\U0001f9e2,キャップ
\U0001fa96,軍用ヘルメットなし
\u26d1,救助作業員のヘルメット
\U0001f4ff,数珠
\U0001f484,口紅
\U0001f48d,指輪
\U0001f48e,宝石
\U0001f507,無音のスピーカー
\U0001f508,音量小のスピーカー
\U0001f509,音量中のスピーカー
\U0001f50a,音量大のスピーカー
\U0001f4e2,拡声器
\U0001f4e3,メガホン
\U0001f4ef,郵便ラッパ
\U0001f514,ベル
\U0001f515,無音のベル
\U0001f3bc,楽譜
\U0001f3b5,音符
\U0001f3b6,複数の音符
\U0001f399,スタジオマイク
\U0001f39a,レベルスライダー
\U0001f39b,コントロールノブ
\U0001f3a4,マイク
\U0001f3a7,ヘッドホン
\U0001f4fb,ラジオ
\U0001f3b7,サックス
\U0001fa97,アコーディオンなし
\U0001f3b8,ギター
\U0001f3b9,鍵盤
\U0001f3ba,トランペット
\U0001f3bb,バイオリン
\U0001fa95,バンジョー
\U0001f941,ドラム
\U0001fa98,ロングドラムなし
\U0001f4f1,携帯電話
\U0001f4f2,着信中
\u260e,電話
\U0001f4de,受話器
\U0001f4df,ポケットベル
\U0001f4e0,ファックス
\U0001f50b,電池
\U0001f50c,コンセント
\U0001f4bb,ノートパソコン
\U0001f5a5,デスクトップパソコン
\U0001f5a8,プリンター
\u2328,キーボード
\U0001f5b1,マウス
\U0001f5b2,トラックボール
\U0001f4bd,コンピュータディスク
\U0001f4be,フロッピーディスク
\U0001f4bf,光学ディスク
\U0001f4c0dvd,
\U0001f9ee,そろばん
\U0001f3a5,ムービーカメラ
\U0001f39e,フィルムのフレーム
\U0001f4fd,映写機
\U0001f3ac,カチンコ
\U0001f4fa,テレビ
\U0001f4f7,カメラ
\U0001f4f8,フラッシュを焚いたカメラ
\U0001f4f9,ビデオカメラ
\U0001f4fc,ビデオテープ
\U0001f50d,左向き虫眼鏡
\U0001f50e,右向き虫眼鏡
\U0001f56f,ろうそく
\U0001f4a1,電球
\U0001f526,懐中電灯
\U0001f3ee,提灯
\U0001fa94,ディアランプ
\U0001f4d4,装飾カバーがついたノート
\U0001f4d5,閉じた本
\U0001f4d6,開いた本
\U0001f4d7,緑の本
\U0001f4d8,青の本
\U0001f4d9,オレンジの本
\U0001f4da,複数の本
\U0001f4d3,ノート
\U0001f4d2,リングノート
\U0001f4c3,原稿
\U0001f4dc,巻物
\U0001f4c4,文書
\U0001f4f0,新聞
\U0001f5de,丸めた新聞
\U0001f4d1,ブックマークタブ
\U0001f516,しおり
\U0001f3f7,ラベル
\U0001f4b0,お金の袋
\U0001fa99,コインなし
\U0001f4b4,円のお札
\U0001f4b5,ドル札
\U0001f4b6,ユーロ札
\U0001f4b7,ポンド札
\U0001f4b8,羽の生えたお金
\U0001f4b3,クレジットカード
\U0001f9fe,レシート
\U0001f4b9,上昇トレンドのチャート
\u2709,封筒
\U0001f4e7e,メール
\U0001f4e8,到着する封筒
\U0001f4e9,封筒と矢印
\U0001f4e4,送信トレイ
\U0001f4e5,受信トレイ
\U0001f4e6,荷物
\U0001f4eb,旗が上がった閉じた郵便受け
\U0001f4ea,旗が下がった閉じた郵便受け
\U0001f4ec,旗が上がった開いた郵便受け
\U0001f4ed,旗が下がった開いた郵便受け
\U0001f4ee,ポスト
\U0001f5f3,投票用紙と投票箱
\u270f,鉛筆
\u2712,ペン先
\U0001f58b,万年筆
\U0001f58a,ペン
\U0001f58c,絵筆
\U0001f58d,クレヨン
\U0001f4dd,メモ
\U0001f4bc,ブリーフケース
\U0001f4c1,フォルダ
\U0001f4c2,開いたフォルダ
\U0001f5c2,仕切りカード
\U0001f4c5,カレンダー
\U0001f4c6,日めくりカレンダー
\U0001f5d2,リングノート
\U0001f5d3,リングカレンダー
\U0001f4c7,名刺フォルダ
\U0001f4c8,上昇するグラフ
\U0001f4c9,下降するグラフ
\U0001f4ca,棒グラフ
\U0001f4cb,クリップボード
\U0001f4cc,画びょう
\U0001f4cd,丸い画びょう
\U0001f4ce,クリップ
\U0001f587,つながったクリップ
\U0001f4cf,定規
\U0001f4d0,三角定規
\u2702,はさみ
\U0001f5c3,カードファイルボックス
\U0001f5c4,ファイルキャビネット
\U0001f5d1,ゴミ箱
\U0001f512,閉じた南京錠
\U0001f513,開いた南京錠
\U0001f50f,閉じた南京錠とペン
\U0001f510,閉じた南京錠と鍵
\U0001f511,鍵
\U0001f5dd,古い鍵
\U0001f528,ハンマー
\U0001fa93,斧
\u26cf,つるはし
\u2692,ハンマーとつるはし
\U0001f6e0,ハンマーとレンチ
\U0001f5e1,短剣
\u2694,交差した剣
\U0001f52b,ピストル
\U0001fa83,ブーメランなし
\U0001f3f9,弓矢
\U0001f6e1,盾
\U0001fa9a,のこぎりなし
\U0001f527,レンチ
\U0001fa9b,ドライバーなし
\U0001f529,ナットとボルト
\u2699,ギア
\U0001f5dc,クランプ
\u2696,天秤
\U0001f9af,白杖
\U0001f517,リンク
\u26d3,チェーン
\U0001fa9d,フックなし
\U0001f9f0,工具箱
\U0001f9f2,磁石
\U0001fa9c,はしごなし
\u2697,蒸留器
\U0001f9ea,試験管
\U0001f9eb,シャーレ
\U0001f9ecdna,
\U0001f52c,顕微鏡
\U0001f52d,望遠鏡
\U0001f4e1,衛星アンテナ
\U0001f489,注射器
\U0001fa78,血のしずく
\U0001f48a,薬
\U0001fa79,絆創膏
\U0001fa7a,聴診器
\U0001f6aa,ドア
\U0001f6d7,エレベーターなし
\U0001fa9e,鏡なし
\U0001fa9f,窓なし
\U0001f6cf,ベッド
\U0001f6cb,ソファーとランプ
\U0001fa91,椅子
\U0001f6bd,トイレ
\U0001faa0,ラバーカップなし
\U0001f6bf,シャワー
\U0001f6c1,バスタブ
\U0001faa4,ねずみ捕りなし
\U0001fa92,カミソリ
\U0001f9f4,ローションボトル
\U0001f9f7,安全ピン
\U0001f9f9,ほうき
\U0001f9fa,バスケット
\U0001f9fb,トイレットペーパー
\U0001faa3,バケツなし
\U0001f9fc,石鹸
\U0001faa5,歯ブラシなし
\U0001f9fd,スポンジ
\U0001f9ef,消火器
\U0001f6d2,ショッピングカート
\U0001f6ac,タバコ
\u26b0,棺
\U0001faa6,墓石なし
\u26b1,骨壷品
\U0001f5ff,モアイ像
\U0001faa7,プラカードなし
\U0001f3e7atm,
\U0001f6ae,ゴミ箱
\U0001f6b0,飲料水
\u267f,車椅子のシンボル
\U0001f6b9,男性のシンボル
\U0001f6ba,女性のシンボル
\U0001f6bb,トイレのシンボル
\U0001f6bc,赤ちゃんのシンボル
\U0001f6be,トイレ(WC)のシンボル
\U0001f6c2,入国審査
\U0001f6c3,税関
\U0001f6c4,手荷物受取所
\U0001f6c5,手荷物預かり所
\u26a0,警告
\U0001f6b8,子供横断中
\u26d4,進入禁止
\U0001f6ab,禁止
\U0001f6b3,自転車禁止
\U0001f6ad,禁煙
\U0001f6af,ゴミ捨て禁止
\U0001f6b1,飲用禁止
\U0001f6b7,歩行者立入禁止
\U0001f4f5,携帯電話禁止
\U0001f51e18,歳未満禁止
\u2622,放射能
\u2623,バイオハザード
\u2b06,上向き矢印
\u2197,右上矢印
\u27a1,右向き矢印
\u2198,右下矢印
\u2b07,下向き矢印
\u2199,左下矢印
\u2b05,左向き矢印
\u2196,左上矢印
\u2195,上下矢印
\u2194,左右矢印
\u21a9,左向き回転矢印
\u21aa,右向き回転矢印
\u2934,上向き回転矢印
\u2935,下向き回転矢印
\U0001f503,時計回りの回転矢印
\U0001f504,反時計回りの回転矢印
\U0001f519back,と左矢印
\U0001f51aend,と左矢印
\U0001f51bon,と左右矢印
\U0001f51csoon,と右矢印
\U0001f51dtop,と上矢印
\U0001f6d0,礼拝所
\u269b,元素記号
\U0001f549,オーム
\u2721,ダビデの星
\u2638,法輪
\u262f,陰陽
\u271d,ラテン十字
\u2626,八端十字架
\u262a,星と三日月
\u262e,ピースマーク
\U0001f54e,メノーラー
\U0001f52f,六芒星
\u2648,おひつじ座
\u2649,おうし座
\u264a,ふたご座
\u264b,かに座
\u264c,しし座
\u264d,おとめ座
\u264e,てんびん座
\u264f,さそり座
\u2650,いて座
\u2651,やぎ座
\u2652,みずがめ座
\u2653,うお座
\u26ce,へびつかい座
\U0001f500,シャッフルボタン
\U0001f501,リピートボタン
\U0001f5021,曲をリピート再生ボタン
\u25b6,再生ボタン
\u23e9,早送りボタン
\u23ed,次の曲ボタン
\u23ef,再生/一時停止
\u25c0,逆再生ボタン
\u23ea,早戻しボタン
\u23ee,前の曲ボタン
\U0001f53c,上ボタン
\u23eb,二重の上ボタン
\U0001f53d,下ボタン
\u23ec,二重の下ボタン
\u23f8,一時停止ボタン
\u23f9,停止ボタン
\u23fa,録音ボタン
\u23cf,取出しボタン
\U0001f3a6,シネマ
\U0001f505,低輝度
\U0001f506,高輝度
\U0001f4f6,アンテナ
\U0001f4f3,マナーモード
\U0001f4f4,携帯電話電源オフ
\u2640,女性の記号
\u2642,男性の記号
\u26a7,トランスジェンダーの記号なし
\u2716,太字の掛ける
\u2795,太字のプラス
\u2796,太字のマイナス
\u2797,太字の割る
\u267e,無限大
\u203c,二重の感嘆符
\u2049,感嘆符疑問符
\u2753,疑問符
\u2754,白い疑問符
\u2755,白い感嘆符
\u2757,感嘆符
\u3030,波線
\U0001f4b1,外貨両替
\U0001f4b2,太字のドル記号
\u2695,医療マーク
\u267b,リサイクルマーク
\u269c,ユリの紋章
\U0001f531,トライデント
\U0001f4db,名札
\U0001f530,初心者マーク
\u2b55,太字の丸
\u2705,白い太字のチェック
\u2611,チェックボックス
\u2714,太字のチェック
\u274c,バツ
\u274e,白い太字のバツ
\u27b0,カール状のループ
\u27bf,二重のカール状のループ
\u303d,庵点
\u2733,アスタリスク
\u2734,八稜星
\u2747,キラキラ
\u00a9,著作権マーク
\u00ae,登録商標マーク
\u2122,トレードマーク
\U0000023\u20e3,シャープ
\U000002a\u20e3,アスタリスク
\U0000030\u20e30,
\U0000031\u20e31,
\U0000032\u20e32,
\U0000033\u20e33,
\U0000034\u20e34,
\U0000035\u20e35,
\U0000036\u20e36,
\U0000037\u20e37,
\U0000038\u20e38,
\U0000039\u20e39,
\U0001f51f10,
\U0001f520,アルファベット大文字入力
\U0001f521,アルファベット小文字入力
\U0001f522,数字入力記号
\U0001f523,記号入力
\U0001f524,アルファベット入力
\U0001f170a,型
\U0001f18eab,型
\U0001f171b,型
\U0001f191cl,
\U0001f192cool,
\U0001f193free,
\u2139,情報
\U0001f194id,
\u24c2,マルM
\U0001f195new,
\U0001f196ng,
\U0001f17eo,型
\U0001f197ok,
\U0001f17fp,
\U0001f198sos,
\U0001f199up,
\U0001f19avs,
\U0001f201,ココ
\U0001f202,サ
\U0001f237,月
\U0001f236,有
\U0001f22f,指
\U0001f250,マル特
\U0001f239,割
\U0001f21a,無
\U0001f232,禁
\U0001f251,マル可
\U0001f238,申
\U0001f234,合
\U0001f233,空
\u3297,マル祝
\u3299,マル秘
\U0001f23a,営
\U0001f235,満
\U0001f534,赤色の丸
\U0001f7e0,オレンジ色の丸
\U0001f7e1,黄色の丸
\U0001f7e2,緑色の丸
\U0001f535,青色の丸
\U0001f7e3,紫色の丸
\U0001f7e4,茶色の丸
\u26ab,黒色の丸
\u26aa,白色の丸
\U0001f7e5,赤色の四角形
\U0001f7e7,オレンジ色の四角形
\U0001f7e8,黄色の四角形
\U0001f7e9,緑色の四角形
\U0001f7e6,青色の四角形
\U0001f7ea,紫色の四角形
\U0001f7eb,茶色の四角形
\u2b1b,黒色の大きい四角形
\u2b1c,白色の大きい四角形
\u25fc,黒色の中くらいの四角形
\u25fb,白色の中くらい四角形
\u25fe,黒色のやや小さい四角形
\u25fd,白色のやや小さい四角形
\u25aa,黒色の小さい四角形
\u25ab,白色の小さい四角形
\U0001f536,オレンジ色の大きなダイヤ
\U0001f537,青色の大きなダイヤ
\U0001f538,オレンジ色の小さなダイヤ
\U0001f539,青色の小さなダイヤ
\U0001f53a,赤色の上向き三角形
\U0001f53b,赤色の下向き三角形
\U0001f4a0,ドット模様のダイヤ
\U0001f518,ラジオボタン
\U0001f533,白色の四角ボタン
\U0001f532,黒色の四角ボタン
\U0001f3c1,チェッカーフラッグ
\U0001f6a9,郵便受けの三角旗
\U0001f38c,交差した旗
\U0001f3f4,黒旗
\U0001f3f3,白旗
\U0001f3f3\ufe0f\u200d\U0001f308,虹の旗
\U0001f3f3\ufe0f\u200d\u26a7\ufe0f,トランスジェンダーの旗なし
\U0001f3f4\u200d\u2620\ufe0f,海賊旗
\U0001f1e6\U0001f1e8,アセンション島の旗
\U0001f1e6\U0001f1e9,アンドラの国旗
\U0001f1e6\U0001f1ea,アラブ首長国連邦の国旗
\U0001f1e6\U0001f1eb,アフガニスタンの国旗
\U0001f1e6\U0001f1ec,アンティグア・バーブーダの国旗
\U0001f1e6\U0001f1ee,アンギラの国旗
\U0001f1e6\U0001f1f1,アルバニアの国旗
\U0001f1e6\U0001f1f2,アルメニアの国旗
\U0001f1e6\U0001f1f4,アンゴラの国旗
\U0001f1e6\U0001f1f6,南極の旗
\U0001f1e6\U0001f1f7,アルゼンチンの国旗
\U0001f1e6\U0001f1f8,アメリカ領サモアの旗
\U0001f1e6\U0001f1f9,オーストリアの国旗
\U0001f1e6\U0001f1fa,オーストラリアの国旗
\U0001f1e6\U0001f1fc,アルバの旗
\U0001f1e6\U0001f1fd,オーランド諸島の旗
\U0001f1e6\U0001f1ff,アゼルバイジャンの国旗
\U0001f1e7\U0001f1e6,ボスニア・ヘルツェゴビナの国旗
\U0001f1e7\U0001f1e7,バルバドスの国旗
\U0001f1e7\U0001f1e9,バングラデシュの国旗
\U0001f1e7\U0001f1ea,ベルギーの国旗
\U0001f1e7\U0001f1eb,ブルキナファソの国旗
\U0001f1e7\U0001f1ec,ブルガリアの国旗
\U0001f1e7\U0001f1ed,バーレーンの国旗
\U0001f1e7\U0001f1ee,ブルンジの国旗
\U0001f1e7\U0001f1ef,ベナンの国旗
\U0001f1e7\U0001f1f1,サン・バルテルミーの旗
\U0001f1e7\U0001f1f2,バミューダの旗
\U0001f1e7\U0001f1f3,ブルネイ・ダルサラームの国旗
\U0001f1e7\U0001f1f4,ボリビアの国旗
\U0001f1e7\U0001f1f6,ボネール、シント・ユースタティウスおよびサバの旗
\U0001f1e7\U0001f1f7,ブラジルの国旗
\U0001f1e7\U0001f1f8,バハマの国旗
\U0001f1e7\U0001f1f9,ブータンの国旗
\U0001f1e7\U0001f1fb,ブーベ島の旗
\U0001f1e7\U0001f1fc,ボツワナの国旗
\U0001f1e7\U0001f1fe,ベラルーシの国旗
\U0001f1e7\U0001f1ff,ベリーズの国旗
\U0001f1e8\U0001f1e6,カナダの国旗
\U0001f1e8\U0001f1e8,ココス（キーリング）諸島の旗
\U0001f1e8\U0001f1e9,コンゴ民主共和国の国旗
\U0001f1e8\U0001f1eb,中央アフリカの国旗
\U0001f1e8\U0001f1ec,コンゴ共和国の国旗
\U0001f1e8\U0001f1ed,スイスの国旗
\U0001f1e8\U0001f1ee,コートジボワールの国旗
\U0001f1e8\U0001f1f0,クック諸島の国旗
\U0001f1e8\U0001f1f1,チリの国旗
\U0001f1e8\U0001f1f2,カメルーンの国旗
\U0001f1e8\U0001f1f3,中国の国旗
\U0001f1e8\U0001f1f4,コロンビアの国旗
\U0001f1e8\U0001f1f5,クリッパートン島の旗
\U0001f1e8\U0001f1f7,コスタリカの国旗
\U0001f1e8\U0001f1fa,キューバの国旗
\U0001f1e8\U0001f1fb,カーボヴェルデの国旗
\U0001f1e8\U0001f1fc,キュラソー島の旗
\U0001f1e8\U0001f1fd,クリスマス島の旗
\U0001f1e8\U0001f1fe,キプロスの国旗
\U0001f1e8\U0001f1ff,チェコの国旗
\U0001f1e9\U0001f1ea,ドイツの国旗
\U0001f1e9\U0001f1ec,ディエゴガルシア島の旗
\U0001f1e9\U0001f1ef,ジブチの国旗
\U0001f1e9\U0001f1f0,デンマークの国旗
\U0001f1e9\U0001f1f2,ドミニカ国の国旗
\U0001f1e9\U0001f1f4,ドミニカ共和国の国旗
\U0001f1e9\U0001f1ff,アルジェリアの国旗
\U0001f1ea\U0001f1e6,セウタとメリリャの旗
\U0001f1ea\U0001f1e8,エクアドルの国旗
\U0001f1ea\U0001f1ea,エストニアの国旗
\U0001f1ea\U0001f1ec,エジプトの国旗
\U0001f1ea\U0001f1ed,西サハラの国旗
\U0001f1ea\U0001f1f7,エリトリアの国旗
\U0001f1ea\U0001f1f8,スペインの国旗
\U0001f1ea\U0001f1f9,エチオピアの国旗
\U0001f1ea\U0001f1fa,欧州連合の旗
\U0001f1eb\U0001f1ee,フィンランドの国旗
\U0001f1eb\U0001f1ef,フィジーの国旗
\U0001f1eb\U0001f1f0,フォークランド諸島の旗
\U0001f1eb\U0001f1f2,ミクロネシアの国旗
\U0001f1eb\U0001f1f4,フェロー諸島の旗
\U0001f1eb\U0001f1f7,フランスの国旗
\U0001f1ec\U0001f1e6,ガボンの国旗
\U0001f1ec\U0001f1e7,イギリスの国旗
\U0001f1ec\U0001f1e9,グレナダの国旗
\U0001f1ec\U0001f1ea,ジョージアの国旗
\U0001f1ec\U0001f1eb,フランス領ギアナの旗
\U0001f1ec\U0001f1ec,ガーンジーの旗
\U0001f1ec\U0001f1ed,ガーナの国旗
\U0001f1ec\U0001f1ee,ジブラルタルの旗
\U0001f1ec\U0001f1f1,グリーンランドの旗
\U0001f1ec\U0001f1f2,ガンビアの国旗
\U0001f1ec\U0001f1f3,ギニアの国旗
\U0001f1ec\U0001f1f5,グアドループの旗
\U0001f1ec\U0001f1f6,赤道ギニアの国旗
\U0001f1ec\U0001f1f7,ギリシャの国旗
\U0001f1ec\U0001f1f8,南ジョージア島・南サンドイッチ諸島の旗
\U0001f1ec\U0001f1f9,グアテマラの国旗
\U0001f1ec\U0001f1fa,グアムの旗
\U0001f1ec\U0001f1fc,ギニアビサウの国旗
\U0001f1ec\U0001f1fe,ガイアナの国旗
\U0001f1ed\U0001f1f0,香港の旗
\U0001f1ed\U0001f1f2,ヘアド島・マクドナルド諸島の旗
\U0001f1ed\U0001f1f3,ホンジュラスの国旗
\U0001f1ed\U0001f1f7,クロアチアの国旗
\U0001f1ed\U0001f1f9,ハイチの国旗
\U0001f1ed\U0001f1fa,ハンガリーの国旗
\U0001f1ee\U0001f1e8,カナリア諸島の旗
\U0001f1ee\U0001f1e9,インドネシアの国旗
\U0001f1ee\U0001f1ea,アイルランドの国旗
\U0001f1ee\U0001f1f1,イスラエルの国旗
\U0001f1ee\U0001f1f2,マン島の旗
\U0001f1ee\U0001f1f3,インドの国旗
\U0001f1ee\U0001f1f4,イギリス領インド洋地域の旗
\U0001f1ee\U0001f1f6,イラクの国旗
\U0001f1ee\U0001f1f7,イランの国旗
\U0001f1ee\U0001f1f8,アイスランドの国旗
\U0001f1ee\U0001f1f9,イタリアの国旗
\U0001f1ef\U0001f1ea,ジャージーの旗
\U0001f1ef\U0001f1f2,ジャマイカの国旗
\U0001f1ef\U0001f1f4,ヨルダンの国旗
\U0001f1ef\U0001f1f5,日本の国旗
\U0001f1f0\U0001f1ea,ケニアの国旗
\U0001f1f0\U0001f1ec,キルギスの国旗
\U0001f1f0\U0001f1ed,カンボジアの国旗
\U0001f1f0\U0001f1ee,キリバスの国旗
\U0001f1f0\U0001f1f2,コモロの国旗
\U0001f1f0\U0001f1f3,セントクリストファー・ネイビスの国旗
\U0001f1f0\U0001f1f5,北朝鮮の国旗
\U0001f1f0\U0001f1f7,韓国の国旗
\U0001f1f0\U0001f1fc,クウェートの国旗
\U0001f1f0\U0001f1fe,ケイマン諸島の旗
\U0001f1f0\U0001f1ff,カザフスタンの国旗
\U0001f1f1\U0001f1e6,ラオスの国旗
\U0001f1f1\U0001f1e7,レバノンの国旗
\U0001f1f1\U0001f1e8,セントルシアの国旗
\U0001f1f1\U0001f1ee,リヒテンシュタインの国旗
\U0001f1f1\U0001f1f0,スリランカの国旗
\U0001f1f1\U0001f1f7,リベリアの国旗
\U0001f1f1\U0001f1f8,レソトの国旗
\U0001f1f1\U0001f1f9,リトアニアの国旗
\U0001f1f1\U0001f1fa,ルクセンブルクの国旗
\U0001f1f1\U0001f1fb,ラトビアの国旗
\U0001f1f1\U0001f1fe,リビアの国旗
\U0001f1f2\U0001f1e6,モロッコの国旗
\U0001f1f2\U0001f1e8,モナコの国旗
\U0001f1f2\U0001f1e9,モルドバの国旗
\U0001f1f2\U0001f1ea,モンテネグロの国旗
\U0001f1f2\U0001f1eb,サン・マルタン島の旗
\U0001f1f2\U0001f1ec,マダガスカルの国旗
\U0001f1f2\U0001f1ed,マーシャル諸島の国旗
\U0001f1f2\U0001f1f0,マケドニアの国旗
\U0001f1f2\U0001f1f1,マリの国旗
\U0001f1f2\U0001f1f2,ミャンマーの国旗
\U0001f1f2\U0001f1f3,モンゴルの国旗
\U0001f1f2\U0001f1f4,マカオの旗
\U0001f1f2\U0001f1f5,北マリアナ諸島の旗
\U0001f1f2\U0001f1f6,マルティニーク島の旗
\U0001f1f2\U0001f1f7,モーリタニアの国旗
\U0001f1f2\U0001f1f8,モントセラトの旗
\U0001f1f2\U0001f1f9,マルタの国旗
\U0001f1f2\U0001f1fa,モーリシャスの国旗
\U0001f1f2\U0001f1fb,モルディブの国旗
\U0001f1f2\U0001f1fc,マラウイの国旗
\U0001f1f2\U0001f1fd,メキシコの国旗
\U0001f1f2\U0001f1fe,マレーシアの国旗
\U0001f1f2\U0001f1ff,モザンビークの国旗
\U0001f1f3\U0001f1e6,ナミビアの国旗
\U0001f1f3\U0001f1e8,ニューカレドニアの国旗
\U0001f1f3\U0001f1ea,ニジェールの国旗
\U0001f1f3\U0001f1eb,ノーフォーク島の旗
\U0001f1f3\U0001f1ec,ナイジェリアの国旗
\U0001f1f3\U0001f1ee,ニカラグアの国旗
\U0001f1f3\U0001f1f1,オランダの国旗
\U0001f1f3\U0001f1f4,ノルウェーの国旗
\U0001f1f3\U0001f1f5,ネパールの国旗
\U0001f1f3\U0001f1f7,ナウルの国旗
\U0001f1f3\U0001f1fa,ニウエの国旗
\U0001f1f3\U0001f1ff,ニュージーランドの国旗
\U0001f1f4\U0001f1f2,オマーンの国旗
\U0001f1f5\U0001f1e6,パナマの国旗
\U0001f1f5\U0001f1ea,ペルーの国旗
\U0001f1f5\U0001f1eb,フランス領ポリネシアの旗
\U0001f1f5\U0001f1ec,パプアニューギニアの国旗
\U0001f1f5\U0001f1ed,フィリピンの国旗
\U0001f1f5\U0001f1f0,パキスタンの国旗
\U0001f1f5\U0001f1f1,ポーランドの国旗
\U0001f1f5\U0001f1f2,サンピエール島・ミクロン島の旗
\U0001f1f5\U0001f1f3,ピトケアンの旗
\U0001f1f5\U0001f1f7,プエルトリコの旗
\U0001f1f5\U0001f1f8,パレスチナの国旗
\U0001f1f5\U0001f1f9,ポルトガルの国旗
\U0001f1f5\U0001f1fc,パラオの国旗
\U0001f1f5\U0001f1fe,パラグアイの国旗
\U0001f1f6\U0001f1e6,カタールの国旗
\U0001f1f7\U0001f1ea,レユニオンの旗
\U0001f1f7\U0001f1f4,ルーマニアの国旗
\U0001f1f7\U0001f1f8,セルビアの国旗
\U0001f1f7\U0001f1fa,ロシアの国旗
\U0001f1f7\U0001f1fc,ルワンダの国旗
\U0001f1f8\U0001f1e6,サウジアラビアの国旗
\U0001f1f8\U0001f1e7,ソロモン諸島の国旗
\U0001f1f8\U0001f1e8,セーシェルの国旗
\U0001f1f8\U0001f1e9,スーダンの国旗
\U0001f1f8\U0001f1ea,スウェーデンの国旗
\U0001f1f8\U0001f1ec,シンガポールの国旗
\U0001f1f8\U0001f1ed,セントヘレナの旗
\U0001f1f8\U0001f1ee,スロベニアの国旗
\U0001f1f8\U0001f1ef,スヴァールバル諸島およびヤンマイエン島
\U0001f1f8\U0001f1f0,スロバキアの国旗
\U0001f1f8\U0001f1f1,シエラレオネの国旗
\U0001f1f8\U0001f1f2,サンマリノの国旗
\U0001f1f8\U0001f1f3,セネガルの国旗
\U0001f1f8\U0001f1f4,ソマリアの国旗
\U0001f1f8\U0001f1f7,スリナムの国旗
\U0001f1f8\U0001f1f8,南スーダンの国旗
\U0001f1f8\U0001f1f9,サントメ・プリンシペの国旗
\U0001f1f8\U0001f1fb,エルサルバドルの国旗
\U0001f1f8\U0001f1fd,シント・マールテンの旗
\U0001f1f8\U0001f1fe,シリアの国旗
\U0001f1f8\U0001f1ff,スワジランドの国旗
\U0001f1f9\U0001f1e6,トリスタンダクーニャ島の旗
\U0001f1f9\U0001f1e8,タークス・カイコス諸島の旗
\U0001f1f9\U0001f1e9,チャドの国旗
\U0001f1f9\U0001f1eb,フランス領南方・南極地域の旗
\U0001f1f9\U0001f1ec,トーゴの国旗
\U0001f1f9\U0001f1ed,タイの国旗
\U0001f1f9\U0001f1ef,タジキスタンの国旗
\U0001f1f9\U0001f1f0,トケラウの旗
\U0001f1f9\U0001f1f1,東ティモールの国旗
\U0001f1f9\U0001f1f2,トルクメニスタンの国旗
\U0001f1f9\U0001f1f3,チュニジアの国旗
\U0001f1f9\U0001f1f4,トンガの国旗
\U0001f1f9\U0001f1f7,トルコの国旗
\U0001f1f9\U0001f1f9,トリニダード・トバゴの国旗
\U0001f1f9\U0001f1fb,ツバルの国旗
\U0001f1f9\U0001f1fc,台湾の国旗
\U0001f1f9\U0001f1ff,タンザニアの国旗
\U0001f1fa\U0001f1e6,ウクライナの国旗
\U0001f1fa\U0001f1ec,ウガンダの国旗
\U0001f1fa\U0001f1f2,合衆国小離島の旗
\U0001f1fa\U0001f1f3,国際連合の旗
\U0001f1fa\U0001f1f8,アメリカの国旗
\U0001f1fa\U0001f1fe,ウルグアイの国旗
\U0001f1fa\U0001f1ff,ウズベキスタンの国旗
\U0001f1fb\U0001f1e6,バチカンの国旗
\U0001f1fb\U0001f1e8,セントビンセント・グレナディーンの国旗
\U0001f1fb\U0001f1ea,ベネズエラの国旗
\U0001f1fb\U0001f1ec,イギリス領ヴァージン諸島の旗
\U0001f1fb\U0001f1ee,アメリカ領ヴァージン諸島の旗
\U0001f1fb\U0001f1f3,ベトナムの国旗
\U0001f1fb\U0001f1fa,バヌアツの国旗
\U0001f1fc\U0001f1eb,ウォリス・フツナの旗
\U0001f1fc\U0001f1f8,サモアの国旗
\U0001f1fd\U0001f1f0,コソボの国旗
\U0001f1fe\U0001f1ea,イエメンの国旗
\U0001f1fe\U0001f1f9,マヨットの旗
\U0001f1ff\U0001f1e6,南アフリカの国旗
\U0001f1ff\U0001f1f2,ザンビアの国旗
\U0001f1ff\U0001f1fc,ジンバブエの国旗
\U0001f3f4\U000e0067\U000e0062\U000e0065\U000e006e\U000e0067\U000e007f,イングランドの旗
\U0001f3f4\U000e0067\U000e0062\U000e0073\U000e0063\U000e0074\U000e007f,スコットランドの旗
\U0001f3f4\U000e0067\U000e0062\U000e0077\U000e006c\U000e0073\U000e007f,ウェールズの旗
\U0001f476,赤ちゃん
\U0001f9d2,子供
\U0001f466,男の子
\U0001f467,女の子
\U0001f9d1,人
\U0001f471,金髪の人
\U0001f468,男性
\U0001f9d4,ヒゲの男性
\U0001f471\u200d\u2642\ufe0f,金髪の男性
\U0001f468\u200d\U0001f9b0,赤い髪の男性
\U0001f468\u200d\U0001f9b1,カーリーヘアーの男性
\U0001f468\u200d\U0001f9b3,白髪の男性
\U0001f468\u200d\U0001f9b2,坊主頭の男性
\U0001f469,女性
\U0001f471\u200d\u2640\ufe0f,金髪の女性
\U0001f469\u200d\U0001f9b0,赤い髪の女性
\U0001f9d1\u200d\U0001f9b0,赤い髪の人なし
\U0001f469\u200d\U0001f9b1,カーリーヘアの女性
\U0001f9d1\u200d\U0001f9b1,カーリーヘアの人なし
\U0001f469\u200d\U0001f9b3,白髪の女性
\U0001f9d1\u200d\U0001f9b3,白髪の人なし
\U0001f469\u200d\U0001f9b2,坊主頭の女性
\U0001f9d1\u200d\U0001f9b2,坊主頭の人なし
\U0001f9d3,年配の大人
\U0001f474,おじいさん
\U0001f475,おばあさん
\U0001f64d,しかめっ面の人
\U0001f64d\u200d\u2642\ufe0f,しかめっ面の男性
\U0001f64d\u200d\u2640\ufe0f,しかめっ面の女性
\U0001f64e,口をとがらしている人
\U0001f64e\u200d\u2642\ufe0f,口をとがらしている男性
\U0001f64e\u200d\u2640\ufe0f,口をとがらしている女性
\U0001f645no,のポーズをする人
\U0001f645\u200d\u2642\ufe0fno,のポーズをする男性
\U0001f645\u200d\u2640\ufe0fno,のポーズをする女性
\U0001f646ok,のポーズをする人
\U0001f646\u200d\u2642\ufe0fok,のポーズをする男性
\U0001f646\u200d\u2640\ufe0fok,のポーズをする女性
\U0001f481,こちらへのポーズをする人
\U0001f481\u200d\u2642\ufe0f,こちらへのポーズをする男性
\U0001f481\u200d\u2640\ufe0f,こちらへのポーズをする女性
\U0001f64b,片手を挙げる人
\U0001f64b\u200d\u2642\ufe0f,片手を挙げる男性
\U0001f64b\u200d\u2640\ufe0f,片手を挙げる女性
\U0001f9cf,耳が不自由な人
\U0001f9cf\u200d\u2642\ufe0f,耳が不自由な男性
\U0001f9cf\u200d\u2640\ufe0f,耳が不自由な女性
\U0001f647,土下座する人
\U0001f647\u200d\u2642\ufe0f,土下座する男性
\U0001f647\u200d\u2640\ufe0f,土下座する女性
\U0001f926,顔を手で覆う人
\U0001f926\u200d\u2642\ufe0f,顔を手で覆う男性
\U0001f926\u200d\u2640\ufe0f,顔を手で覆う女性
\U0001f937,肩をすくめる人
\U0001f937\u200d\u2642\ufe0f,肩をすくめる男性
\U0001f937\u200d\u2640\ufe0f,肩をすくめる女性
\U0001f9d1\u200d\u2695\ufe0f,医療従事者なし
\U0001f468\u200d\u2695\ufe0f,男性医療従事者
\U0001f469\u200d\u2695\ufe0f,女性医療従事者
\U0001f9d1\u200d\U0001f393,学生なし
\U0001f468\u200d\U0001f393,男子学生
\U0001f469\u200d\U0001f393,女子学生
\U0001f9d1\u200d\U0001f3eb,教師なし
\U0001f468\u200d\U0001f3eb,男性教師
\U0001f469\u200d\U0001f3eb,女性教師
\U0001f9d1\u200d\u2696\ufe0f,裁判官なし
\U0001f468\u200d\u2696\ufe0f,男性裁判官
\U0001f469\u200d\u2696\ufe0f,女性裁判官
\U0001f9d1\u200d\U0001f33e,農家なし
\U0001f468\u200d\U0001f33e,農家の男性
\U0001f469\u200d\U0001f33e,農家の女性
\U0001f9d1\u200d\U0001f373,調理師なし
\U0001f468\u200d\U0001f373,男性調理師
\U0001f469\u200d\U0001f373,女性調理師
\U0001f9d1\u200d\U0001f527,メカニックなし
\U0001f468\u200d\U0001f527,男性メカニック
\U0001f469\u200d\U0001f527,女性メカニック
\U0001f9d1\u200d\U0001f3ed,工場労働者なし
\U0001f468\u200d\U0001f3ed,男性工場労働者
\U0001f469\u200d\U0001f3ed,女性工場労働者
\U0001f9d1\u200d\U0001f4bc,会社員なし
\U0001f468\u200d\U0001f4bc,男性会社員
\U0001f469\u200d\U0001f4bc,女性会社員
\U0001f9d1\u200d\U0001f52c,科学者なし
\U0001f468\u200d\U0001f52c,男性科学者
\U0001f469\u200d\U0001f52c,女性科学者
\U0001f9d1\u200d\U0001f4bb,エンジニアなし
\U0001f468\u200d\U0001f4bb,男性エンジニア
\U0001f469\u200d\U0001f4bb,女性エンジニア
\U0001f9d1\u200d\U0001f3a4,歌手なし
\U0001f468\u200d\U0001f3a4,男性歌手
\U0001f469\u200d\U0001f3a4,女性歌手
\U0001f9d1\u200d\U0001f3a8,芸術家なし
\U0001f468\u200d\U0001f3a8,男性芸術家
\U0001f469\u200d\U0001f3a8,女性芸術家
\U0001f9d1\u200d\u2708\ufe0f,パイロットなし
\U0001f468\u200d\u2708\ufe0f,男性パイロット
\U0001f469\u200d\u2708\ufe0f,女性パイロット
\U0001f9d1\u200d\U0001f680,宇宙飛行士なし
\U0001f468\u200d\U0001f680,男性宇宙飛行士
\U0001f469\u200d\U0001f680,女性宇宙飛行士
\U0001f9d1\u200d\U0001f692,消防士なし
\U0001f468\u200d\U0001f692,男性消防士
\U0001f469\u200d\U0001f692,女性消防士
\U0001f46e,警察官
\U0001f46e\u200d\u2642\ufe0f,男性警察官
\U0001f46e\u200d\u2640\ufe0f,女性警察官
\U0001f575,探偵
\U0001f575\ufe0f\u200d\u2642\ufe0f,男性探偵
\U0001f575\ufe0f\u200d\u2640\ufe0f,女性探偵
\U0001f482,イギリス近衛兵
\U0001f482\u200d\u2642\ufe0f,男性イギリス近衛兵
\U0001f482\u200d\u2640\ufe0f,女性イギリス近衛兵
\U0001f977,忍者なし
\U0001f477,建設作業員
\U0001f477\u200d\u2642\ufe0f,男性建設作業員
\U0001f477\u200d\u2640\ufe0f,女性建設作業員
\U0001f934,王子
\U0001f478,お姫様
\U0001f473,ターバンをかぶった人
\U0001f473\u200d\u2642\ufe0f,ターバンをかぶった男性
\U0001f473\u200d\u2640\ufe0f,ターバンをかぶった女性
\U0001f472,瓜皮帽をかぶった人
\U0001f9d5,スカーフをかぶった女性
\U0001f935,タキシードの人
\U0001f935\u200d\u2642\ufe0f,タキシードの男性なし
\U0001f935\u200d\u2640\ufe0f,タキシードの女性なし
\U0001f470,ベールをかぶった人
\U0001f470\u200d\u2642\ufe0f,ベールをかぶった男性なし
\U0001f470\u200d\u2640\ufe0f,ベールをかぶった女性なし
\U0001f930,妊婦
\U0001f931,授乳
\U0001f469\u200d\U0001f37c,哺乳瓶で授乳する女性なし
\U0001f468\u200d\U0001f37c,哺乳瓶で授乳する男性なし
\U0001f9d1\u200d\U0001f37c,哺乳瓶で授乳する人なし
\U0001f47c,天使
\U0001f385,サンタクロース
\U0001f936,女性のサンタさん
\U0001f9d1\u200d\U0001f384,サンタさんなし
\U0001f9b8,スーパーヒーロー
\U0001f9b8\u200d\u2642\ufe0f,男性のスーパーヒーロー
\U0001f9b8\u200d\u2640\ufe0f,女性のスーパーヒーロー
\U0001f9b9,悪役
\U0001f9b9\u200d\u2642\ufe0f,男性の悪役
\U0001f9b9\u200d\u2640\ufe0f,女性の悪役
\U0001f9d9,魔法使い
\U0001f9d9\u200d\u2642\ufe0f,男性の魔法使い
\U0001f9d9\u200d\u2640\ufe0f,女性の魔法使い
\U0001f9da,妖精
\U0001f9da\u200d\u2642\ufe0f,男性の妖精
\U0001f9da\u200d\u2640\ufe0f,女性の妖精
\U0001f9db,吸血鬼
\U0001f9db\u200d\u2642\ufe0f,男性の吸血鬼
\U0001f9db\u200d\u2640\ufe0f,女性の吸血鬼
\U0001f9dc,人魚
\U0001f9dc\u200d\u2642\ufe0f,男性の人魚
\U0001f9dc\u200d\u2640\ufe0f,女性の人魚
\U0001f9dd,エルフ
\U0001f9dd\u200d\u2640\ufe0f,女性のエルフ
\U0001f9dd\u200d\u2642\ufe0f,男性のエルフ
\U0001f9de,精霊
\U0001f9de\u200d\u2642\ufe0f,男性の精霊
\U0001f9de\u200d\u2640\ufe0f,女性の精霊
\U0001f9df,ゾンビ
\U0001f9df\u200d\u2642\ufe0f,男性のゾンビ
\U0001f9df\u200d\u2640\ufe0f,女性のゾンビ
\U0001f486,マッサージを受ける人
\U0001f486\u200d\u2642\ufe0f,マッサージを受ける男性
\U0001f486\u200d\u2640\ufe0f,マッサージを受ける女性
\U0001f487,ヘアカットされる人
\U0001f487\u200d\u2642\ufe0f,ヘアカットされる男性
\U0001f487\u200d\u2640\ufe0f,ヘアカットされる女性
\U0001f6b6,歩く人
\U0001f6b6\u200d\u2642\ufe0f,歩く男性
\U0001f6b6\u200d\u2640\ufe0f,歩く女性
\U0001f9cd,立っている人
\U0001f9cd\u200d\u2642\ufe0f,立っている男性
\U0001f9cd\u200d\u2640\ufe0f,立っている女性
\U0001f9ce,ひざまずく人
\U0001f9ce\u200d\u2642\ufe0f,ひざまずく男性
\U0001f9ce\u200d\u2640\ufe0f,ひざまずく女性
\U0001f9d1\u200d\U0001f9af,白杖を持つ人なし
\U0001f468\u200d\U0001f9af,白杖を持つ男性
\U0001f469\u200d\U0001f9af,白杖を持つ女性
\U0001f9d1\u200d\U0001f9bc,電動車椅子に乗る人なし
\U0001f468\u200d\U0001f9bc,電動車椅子に乗る男性
\U0001f469\u200d\U0001f9bc,電動車椅子に乗る女性
\U0001f9d1\u200d\U0001f9bd,車椅子に乗る人なし
\U0001f468\u200d\U0001f9bd,車椅子に乗る男性
\U0001f469\u200d\U0001f9bd,車椅子に乗る女性
\U0001f3c3,走る人
\U0001f3c3\u200d\u2642\ufe0f,走る男性
\U0001f3c3\u200d\u2640\ufe0f,走る女性
\U0001f483,女性ダンサー
\U0001f57a,男性ダンサー
\U0001f574,ジャンプするスーツの男性
\U0001f46f,バニー姿の人
\U0001f46f\u200d\u2642\ufe0f,バニー姿の男性
\U0001f46f\u200d\u2640\ufe0f,バニー姿の女性
\U0001f9d6,サウナに入る人
\U0001f9d6\u200d\u2642\ufe0f,サウナに入る男性
\U0001f9d6\u200d\u2640\ufe0f,サウナに入る女性
\U0001f9d7,クライミングをする人
\U0001f9d7\u200d\u2642\ufe0f,クライミングをする男性
\U0001f9d7\u200d\u2640\ufe0f,クライミングをする女性
\U0001f93a,フェンシング
\U0001f3c7,競馬
\u26f7,スキーヤー
\U0001f3c2,スノーボーダー
\U0001f3cc,ゴルファー
\U0001f3cc\ufe0f\u200d\u2642\ufe0f,男性ゴルファー
\U0001f3cc\ufe0f\u200d\u2640\ufe0f,女性ゴルファー
\U0001f3c4,サーファー
\U0001f3c4\u200d\u2642\ufe0f,男性サーファー
\U0001f3c4\u200d\u2640\ufe0f,女性サーファー
\U0001f6a3,ボートに乗る人
\U0001f6a3\u200d\u2642\ufe0f,ボートに乗る男性
\U0001f6a3\u200d\u2640\ufe0f,ボートに乗る女性
\U0001f3ca,水泳する人
\U0001f3ca\u200d\u2642\ufe0f,水泳する男性
\U0001f3ca\u200d\u2640\ufe0f,水泳する女性
\u26f9,ボールをつく人
\U00026f9\ufe0f\u200d\u2642\ufe0f,ボールをつく男性
\U00026f9\ufe0f\u200d\u2640\ufe0f,ボールをつく女性
\U0001f3cb,重量挙げをする人
\U0001f3cb\ufe0f\u200d\u2642\ufe0f,重量挙げをする男性
\U0001f3cb\ufe0f\u200d\u2640\ufe0f,重量挙げをする女性
\U0001f6b4,自転車に乗る人
\U0001f6b4\u200d\u2642\ufe0f,自転車に乗る男性
\U0001f6b4\u200d\u2640\ufe0f,自転車に乗る女性
\U0001f6b5,マウンテンバイクに乗る人
\U0001f6b5\u200d\u2642\ufe0f,マウンテンバイクを乗る男性
\U0001f6b5\u200d\u2640\ufe0f,マウンテンバイクを乗る女性
\U0001f938,体操する人
\U0001f938\u200d\u2642\ufe0f,体操する男性
\U0001f938\u200d\u2640\ufe0f,体操する女性
\U0001f93c,レスリングする人
\U0001f93c\u200d\u2642\ufe0f,レスリングする男性
\U0001f93c\u200d\u2640\ufe0f,レスリングする女性
\U0001f93d,水球する人
\U0001f93d\u200d\u2642\ufe0f,水球する男性
\U0001f93d\u200d\u2640\ufe0f,水球する女性
\U0001f93e,ハンドボールをする人
\U0001f93e\u200d\u2642\ufe0f,ハンドボールをする男性
\U0001f93e\u200d\u2640\ufe0f,ハンドボールをする女性
\U0001f939,ジャグリングをする人
\U0001f939\u200d\u2642\ufe0f,ジャグリングをする男性
\U0001f939\u200d\u2640\ufe0f,ジャグリングをする女性
\U0001f9d8,ヨガをする人
\U0001f9d8\u200d\u2640\ufe0f,ヨガをする女性
\U0001f9d8\u200d\u2642\ufe0f,ヨガをする男性
\U0001f6c0,入浴する人
\U0001f6cc,ベッドで寝てる人
\U0001f9d1\u200d\U0001f91d\u200d\U0001f9d1,手をつなぐ人
\U0001f46d,手をつなぐ女性
\U0001f46b,手をつなぐ男女
\U0001f46c,手をつなぐ男性
\U0001f48f,キス
\U0001f469\u200d\u2764\ufe0f\u200d\U0001f48b\u200d\U0001f468,キス:男性と女性
\U0001f468\u200d\u2764\ufe0f\u200d\U0001f48b\u200d\U0001f468,キス:男性同士
\U0001f469\u200d\u2764\ufe0f\u200d\U0001f48b\u200d\U0001f469,キス:女性同士
\U0001f491,カップルとハート
\U0001f469\u200d\u2764\ufe0f\u200d\U0001f468,カップルとハート:男性と女性
\U0001f468\u200d\u2764\ufe0f\u200d\U0001f468,カップルとハート:男性同士
\U0001f469\u200d\u2764\ufe0f\u200d\U0001f469,カップルとハート:女性同士
\U0001f46a,家族
\U0001f468\u200d\U0001f469\u200d\U0001f466,家族: 父母と男の子
\U0001f468\u200d\U0001f469\u200d\U0001f467,家族: 父母と女の子
\U0001f468\u200d\U0001f469\u200d\U0001f467\u200d\U0001f466,家族: 父母と女の子と男の子
\U0001f468\u200d\U0001f469\u200d\U0001f466\u200d\U0001f466,家族: 父母と男の子2人
\U0001f468\u200d\U0001f469\u200d\U0001f467\u200d\U0001f467,家族: 父母と女の子2人
\U0001f468\u200d\U0001f468\u200d\U0001f466,家族: 男性2人と男の子
\U0001f468\u200d\U0001f468\u200d\U0001f467,家族: 男性2人と女の子
\U0001f468\u200d\U0001f468\u200d\U0001f467\u200d\U0001f466,家族: 男性2人と女の子と男の子
\U0001f468\u200d\U0001f468\u200d\U0001f466\u200d\U0001f466,家族: 男性2人と男の子2人
\U0001f468\u200d\U0001f468\u200d\U0001f467\u200d\U0001f467,家族: 男性2人と女の子2人
\U0001f469\u200d\U0001f469\u200d\U0001f466,家族: 女性2人と男の子
\U0001f469\u200d\U0001f469\u200d\U0001f467,家族: 女性2人と女の子
\U0001f469\u200d\U0001f469\u200d\U0001f467\u200d\U0001f466,家族: 女性2人と女の子と男の子
\U0001f469\u200d\U0001f469\u200d\U0001f466\u200d\U0001f466,家族: 女性2人と男の子2人
\U0001f469\u200d\U0001f469\u200d\U0001f467\u200d\U0001f467,家族: 女性2人と女の子2人
\U0001f468\u200d\U0001f466,家族: 男性と男の子
\U0001f468\u200d\U0001f466\u200d\U0001f466,家族: 男性と男の子2人
\U0001f468\u200d\U0001f467,家族: 男性と女の子
\U0001f468\u200d\U0001f467\u200d\U0001f466,家族:男性と女の子と男の子
\U0001f468\u200d\U0001f467\u200d\U0001f467,家族:男性と女の子2人
\U0001f469\u200d\U0001f466,家族:女性と男の子
\U0001f469\u200d\U0001f466\u200d\U0001f466,家族:女性と男の子2人
\U0001f469\u200d\U0001f467,家族:女性と女の子
\U0001f469\u200d\U0001f467\u200d\U0001f466,家族:女性と女の子と男の子
\U0001f469\u200d\U0001f467\u200d\U0001f467,家族:女性と女の子2人
\U0001f5e3,話す人のシルエット
\U0001f464,人のシルエット
\U0001f4652,人のシルエット
\U0001fac2,ハグする人なし
\U0001f463,足跡
\U0001f9b0,赤い髪
\U0001f9b1,カーリーヘア
\U0001f9b3,白髪
\U0001f9b2,坊主頭
